berniesanders,
bernie sanders,
bernie,
sanders,
feelthebern,
sanders2016,
,,,,,,,,,,
hillaryclinton,
hillary clinton,
hillary,
clinton,
hillary2016,
clinton2016,
,,,,,,,,,,
martinomalley,
martin omalley,
martino'malley,
martin o'malley,
martin,
omalley,
o'malley,
o'malley2016,
omalley2016,
,,,,,,,,,,
donaldtrump,
donald trump,
donald,
trump,
donald2016,
trump2016,
,,,,,,,,,,
bencarson,
ben carson,
carson,
carson2016
winbenwin,
,,,,,,,,,,
marcorubio,
marco rubio,
marco,
rubio,
marco2016,
rubio2016,
marcorubio2016,
,,,,,,,,,,
tedcruz,
ted cruz,
ted,
cruz,
cruz2016,
,,,,,,,,,,
jebbush,
jeb bush,
jeb,
bush,
bush2016,
,,,,,,,,,,
chrischristie,
chris christie,
christie,
christie2016,
,,,,,,,,,,
carlyfiorina,
carly fiorina,
fiorina,
carly2016,
fiorina2016,
firedupforfiorina,
,,,,,,,,,,
jimgilmore,
jim gilmore,
gilmore,
gilmore2016,
jimgilmore2016,
,,,,,,,,,,
randpaul,
rand paul,
rand,
paul2016,
,,,,,,,,,,
johnkasich,
john kasich,
kasich,
kasich2016,
,,,,,,,,,,
mikehuckabee,
mike huckabee,
huckabee,
mike2016,
huckabee2016,
,,,,,,,,,,
lindseygraham,
lindsey graham,
graham2016,
lindsey2016,
,,,,,,,,,,
ricksantorum,
rick santorum,
rick2016,
santorum,
santorum2016,
,,,,,,,,,,
georgepataki,
george pataki,
george2016,
pataki2016,
,,,,,,,,,,
presidential,
election,
GOPdebate,
